id,price
0,1742000
1,2332000
2,1481000
3,2354000
4,4888000
5,2272000
6,1021000
7,745000
8,1512000
9,1480000
10,946000
11,530000
12,645000
13,1719000
14,726000
15,1178000
16,562000
17,824000
18,1070000
19,825000
20,332000
21,1056000
22,1704000
23,416000
24,2858000
25,1163000
26,1546000
27,1195000
28,978000
29,3068000
30,1424000
31,1257000
32,2784000
33,3378000
34,2598000
35,820000
36,738000
37,2338000
38,904000
39,780000
40,2526000
41,846000
42,367000
43,1394000
44,1058000
45,645000
46,2522000
47,516000
48,998000
49,1194000
50,5641000
51,1386000
52,1672000
53,2876000
54,1350000
55,2562000
56,562000
57,944000
58,1064000
59,2992000
60,419000
61,448000
62,1342000
63,552000
64,3492000
65,455000
66,1220000
67,5118000
68,384000
69,5362000
70,666000
71,760000
72,1211000
73,1546000
74,1101000
75,2470000
76,2194000
77,1314000
78,3008000
79,3426000
80,1859000
81,2912000
82,880000
83,1351000
84,737000
85,520000
86,878000
87,2618000
88,1330000
89,719000
90,1194000
91,1152000
92,702000
93,1761000
94,963000
95,1074000
96,680000
97,1173000
98,3266000
99,2047000
100,1050000
101,840000
102,3709000
103,500000
104,822000
105,636000
106,2406000
107,1424000
108,1550000
109,1161000
110,1076000
111,2579000
112,616000
113,4860000
114,8732000
115,2108000
116,1028000
117,896000
118,6450000
119,1080000
120,5611000
121,3130000
122,1145000
123,1356000
124,1356000
125,4080000
126,544000
127,1232000
128,2603000
129,1223000
130,5125000
131,706000
132,1348000
133,1476000
134,1764000
135,1003000
136,2388000
137,3011000
138,2133000
139,930000
140,1470000
141,1185000
142,1619000
143,754000
144,1263000
145,167000
146,2309000
147,1538000
148,5273000
149,2634000
150,7328000
151,2734000
152,1584000
153,266000
154,1658000
155,580000
156,1518000
157,2089000
158,1702000
159,981000
160,526000
161,3106000
162,1244000
163,937000
164,578000
165,724000
166,1973000
167,254000
168,2663000
169,572000
170,344000
171,1172000
172,288000
173,1020000
174,1202000
175,1048000
176,2972000
177,1199000
178,6692000
179,1363000
180,1056000
181,603000
182,503000
183,1383000
184,6090000
185,5440000
186,1796000
187,1542000
188,5178000
189,2494000
190,3115000
191,2464000
192,685000
193,294000
194,2548000
195,2756000
196,972000
197,1459000
198,1022000
199,1660000
200,878000
201,2848000
202,1171000
203,1222000
204,3328000
205,2617000
206,810000
207,2476000
208,834000
209,805000
210,450000
211,1308000
212,1612000
213,1243000
214,960000
215,284000
216,1629000
217,2304000
218,602000
219,1158000
220,740000
221,364000
222,564000
223,905000
224,376000
225,1828000
226,2140000
227,6555000
228,6174000
229,1815000
230,7113000
231,5812000
232,292000
233,1202000
234,672000
235,393000
236,6860000
237,5330000
238,1054000
239,1782000
240,1008000
241,1222000
242,2114000
243,1470000
244,1191000
245,500000
246,555000
247,836000
248,1958000
249,2260000
250,2392000
251,1207000
252,1004000
253,1286000
254,776000
255,1181000
256,522000
257,3166000
258,1681000
259,1642000
260,663000
261,1604000
262,1046000
263,1634000
264,360000
265,735000
266,668000
267,2264000
268,173000
269,649000
270,624000
271,1798000
272,1395000
273,1315000
274,766000
275,496000
276,2988000
277,1188000
278,886000
279,935000
280,1007000
281,493000
282,798000
283,660000
284,1306000
285,664000
286,752000
287,890000
288,2574000
289,2197000
290,1113000
291,1028000
292,1099000
293,977000
294,204000
295,553000
296,578000
297,575000
298,741000
299,1078000
300,372000
301,1750000
302,1006000
303,1202000
304,1719000
305,1794000
306,1054000
307,444000
308,1213000
309,964000
310,1017000
311,1240000
312,1314000
313,596000
314,256000
315,817000
316,434000
317,1959000
318,1078000
319,5994000
320,1479000
321,768000
322,791000
323,2556000
324,6374000
325,1536000
326,434000
327,1278000
328,1234000
329,1092000
330,921000
331,772000
332,1384000
333,1116000
334,1842000
335,849000
336,308000
337,1004000
338,2103000
339,681000
340,694000
341,1125000
342,2630000
343,1364000
344,738000
345,1128000
346,213000
347,1225000
348,1518000
349,1041000
350,3602000
351,1000000
352,2292000
353,1900000
354,2433000
355,1880000
356,2972000
357,1959000
358,1411000
359,416000
360,1304000
361,1237000
362,3572000
363,983000
364,1100000
365,1221000
366,1432000
367,1616000
368,416000
369,6064000
370,572000
371,560000
372,217000
373,1134000
374,1966000
375,802000
376,1241000
377,741000
378,1831000
379,1851000
380,1528000
381,1760000
382,801000
383,672000
384,1211000
385,1082000
386,906000
387,1494000
388,640000
389,2621000
390,1258000
391,2028000
392,1327000
393,1016000
394,2302000
395,1219000
396,1140000
397,4837000
398,3599000
399,985000
400,1006000
401,504000
402,1366000
403,610000
404,534000
405,1180000
406,1149000
407,1388000
408,2312000
409,796000
410,926000
411,1716000
412,2743000
413,158000
414,860000
415,3035000
416,1946000
417,955000
418,1357000
419,1978000
420,1149000
421,304000
422,1008000
423,994000
424,2174000
425,1352000
426,444000
427,990000
428,1932000
429,5342000
430,2728000
431,1161000
432,1800000
433,1980000
434,1338000
435,516000
436,644000
437,3039000
438,862000
439,3332000
440,792000
441,984000
442,2018000
443,622000
444,755000
445,874000
446,1874000
447,1904000
448,914000
449,7082000
450,933000
451,1242000
452,1080000
453,2252000
454,1143000
455,557000
456,8414000
457,1210000
458,1220000
459,322000
460,902000
461,1077000
462,1026000
463,1307000
464,1642000
465,1149000
466,1250000
467,854000
468,722000
469,302000
470,383000
471,1076000
472,880000
473,882000
474,2388000
475,2254000
476,503000
477,1522000
478,1690000
479,706000
480,1448000
481,1225000
482,813000
483,2794000
484,963000
485,486000
486,968000
487,867000
488,2518000
489,1788000
490,3350000
491,577000
492,565000
493,1152000
494,620000
495,610000
496,2834000
497,4682000
498,731000
499,1049000
500,2186000
501,166000
502,6858000
503,4174000
504,648000
505,1038000
506,1624000
507,897000
508,368000
509,638000
510,903000
511,785000
512,1414000
513,1816000
514,2225000
515,1166000
516,2861000
517,1006000
518,3032000
519,284000
520,594000
521,1476000
522,260000
523,296000
524,858000
525,2889000
526,406000
527,1480000
528,1618000
529,765000
530,584000
531,1255000
532,832000
533,1451000
534,1606000
535,1578000
536,505000
537,1064000
538,1006000
539,777000
540,1582000
541,1132000
542,5423000
543,942000
544,998000
545,450000
546,634000
547,5020000
548,609000
549,466000
550,584000
551,1560000
552,961000
553,588000
554,914000
555,1810000
556,7664000
557,1349000
558,1760000
559,688000
560,595000
561,1852000
562,6192000
563,448000
564,742000
565,994000
566,1588000
567,3720000
568,1180000
569,1596000
570,972000
571,1344000
572,1101000
573,1504000
574,740000
575,515000
576,1850000
577,562000
578,2072000
579,1710000
580,2508000
581,1838000
582,3203000
583,376000
584,2170000
585,620000
586,839000
587,593000
588,904000
589,1176000
590,992000
591,4170000
592,984000
593,1343000
594,332000
595,959000
596,1192000
597,482000
598,789000
599,1965000
600,618000
601,3412000
602,701000
603,9242000
604,222000
605,684000
606,1366000
607,1391000
608,528000
609,907000
610,724000
611,1720000
612,1060000
613,820000
614,3534000
615,740000
616,1206000
617,2354000
618,1020000
619,687000
620,1844000
621,1496000
622,724000
623,390000
624,1580000
625,2728000
626,1956000
627,4135000
628,6582000
629,1946000
630,1622000
631,1887000
632,720000
633,1570000
634,2966000
635,2680000
636,658000
637,328000
638,3562000
639,1020000
640,1838000
641,1280000
642,630000
643,2675000
644,1270000
645,478000
646,2109000
647,558000
648,950000
649,878000
650,2938000
651,1368000
652,405000
653,1742000
654,470000
655,4052000
656,1566000
657,712000
658,1181000
659,528000
660,746000
661,464000
662,1240000
663,1493000
664,3390000
665,1218000
666,1605000
667,2148000
668,3273000
669,484000
670,858000
671,3162000
672,1264000
673,1680000
674,2200000
675,2866000
676,1736000
677,934000
678,2018000
679,6494000
680,5201000
681,2748000
682,996000
683,932000
684,871000
685,506000
686,1436000
687,946000
688,3793000
689,1218000
690,582000
691,1344000
692,2436000
693,463000
694,909000
695,6598000
696,2804000
697,782000
698,1068000
699,4806000
700,900000
701,740000
702,270000
703,664000
704,2034000
705,1147000
706,796000
707,986000
708,1076000
709,3456000
710,878000
711,1207000
712,1432000
713,510000
714,468000
715,308000
716,903000
717,948000
718,2608000
719,1512000
720,1525000
721,876000
722,1334000
723,2852000
724,320000
725,2217000
726,1106000
727,850000
728,1154000
729,875000
730,382000
731,1180000
732,1753000
733,515000
734,851000
735,2466000
736,1496000
737,1216000
738,1336000
739,1157000
740,1956000
741,3614000
742,695000
743,1550000
744,489000
745,1710000
746,848000
747,2250000
748,1190000
749,528000
750,1410000
751,111000
752,472000
753,3792000
754,2627000
755,1624000
756,1030000
757,848000
758,1811000
759,1724000
760,2030000
761,882000
762,581000
763,514000
764,480000
765,1916000
766,3082000
767,1046000
768,876000
769,900000
770,186000
771,510000
772,440000
773,865000
774,902000
775,1775000
776,3752000
777,2228000
778,3946000
779,2114000
780,1294000
781,627000
782,3325000
783,3237000
784,1676000
785,5954000
786,975000
787,830000
788,580000
789,2572000
790,1746000
791,959000
792,2110000
793,1488000
794,1550000
795,1872000
796,1194000
797,914000
798,3105000
799,688000
800,2387000
801,1108000
802,990000
803,345000
804,1606000
805,969000
806,173000
807,902000
808,832000
809,882000
810,1100000
811,1316000
812,1260000
813,2136000
814,880000
815,1431000
816,1416000
817,6118000
818,829000
819,1004000
820,989000
821,1077000
822,1158000
823,1708000
824,930000
825,810000
826,1138000
827,4131000
828,1152000
829,1913000
830,2286000
831,358000
832,580000
833,2688000
834,1892000
835,1234000
836,615000
837,853000
838,342000
839,1187000
840,166000
841,2315000
842,1722000
843,2966000
844,895000
845,2236000
846,537000
847,654000
848,961000
849,1260000
850,3723000
851,912000
852,1563000
853,1089000
854,1068000
855,300000
856,268000
857,1152000
858,5646000
859,1678000
860,1338000
861,648000
862,1126000
863,1402000
864,1371000
865,1074000
866,2120000
867,816000
868,448000
869,892000
870,254000
871,870000
872,2356000
873,1044000
874,1365000
875,837000
876,2919000
877,590000
878,510000
879,2720000
880,890000
881,971000
882,280000
883,1236000
884,910000
885,650000
886,464000
887,844000
888,3610000
889,819000
890,1302000
891,1200000
892,988000
893,136000
894,924000
895,282000
896,1282000
897,229000
898,899000
899,6150000
900,898000
901,482000
902,579000
903,2420000
904,2501000
905,1988000
906,819000
907,1406000
908,4380000
909,710000
910,3110000
911,608000
912,1260000
913,6968000
914,2120000
915,748000
916,1122000
917,898000
918,317000
919,1832000
920,1255000
921,532000
922,1134000
923,2122000
924,3380000
925,544000
926,2664000
927,6264000
928,2628000
929,935000
930,1525000
931,2876000
932,410000
933,1820000
934,2381000
935,4328000
936,3086000
937,594000
938,614000
939,1122000
940,2704000
941,1148000
942,625000
943,308000
944,841000
945,900000
946,1986000
947,586000
948,1732000
949,1182000
950,350000
951,2064000
952,1399000
953,1207000
954,969000
955,3528000
956,580000
957,992000
958,1214000
959,1983000
960,1256000
961,714000
962,1520000
963,870000
964,1190000
965,1026000
966,2792000
967,3468000
968,1318000
969,2151000
970,1066000
971,1010000
972,721000
973,1779000
974,694000
975,258000
976,833000
977,1670000
978,2042000
979,758000
980,655000
981,768000
982,1932000
983,3720000
984,1308000
985,1182000
986,967000
987,2010000
988,2156000
989,1321000
990,716000
991,926000
992,1803000
993,2419000
994,928000
995,1033000
996,1508000
997,453000
998,2100000
999,1321000
1000,634000
1001,1248000
1002,1533000
1003,4674000
1004,580000
1005,770000
1006,4412000
1007,1326000
1008,781000
1009,714000
1010,3120000
1011,1310000
1012,949000
1013,1488000
1014,2020000
1015,863000
1016,2334000
1017,1170000
1018,688000
1019,228000
1020,678000
1021,1334000
1022,1408000
1023,910000
1024,1422000
1025,2206000
1026,670000
1027,1156000
1028,2302000
1029,1108000
1030,1876000
1031,1384000
1032,342000
1033,1057000
1034,495000
1035,1390000
1036,291000
1037,998000
1038,335000
1039,812000
1040,3385000
1041,1453000
1042,917000
1043,1064000
1044,915000
1045,727000
1046,1450000
1047,1768000
1048,342000
1049,1032000
1050,1352000
1051,890000
1052,1310000
1053,938000
1054,817000
1055,2569000
1056,1373000
1057,1374000
1058,2438000
1059,1572000
1060,684000
1061,1112000
1062,1522000
1063,827000
1064,2104000
1065,524000
1066,442000
1067,1135000
1068,4764000
1069,1004000
1070,2645000
1071,1494000
1072,848000
1073,1170000
1074,1548000
1075,3440000
1076,964000
1077,1082000
1078,1048000
1079,1576000
1080,1090000
1081,1916000
1082,408000
1083,1009000
1084,982000
1085,706000
1086,534000
1087,2827000
1088,2324000
1089,542000
1090,685000
1091,3400000
1092,1788000
1093,894000
1094,928000
1095,2973000
1096,678000
1097,1733000
1098,1894000
1099,1178000
1100,1432000
1101,674000
1102,1157000
1103,962000
1104,1167000
1105,1173000
1106,2678000
1107,1068000
1108,970000
1109,1502000
1110,1268000
1111,1737000
1112,1026000
1113,1600000
1114,2195000
1115,2740000
1116,766000
1117,2018000
1118,1003000
1119,772000
1120,433000
1121,2615000
1122,2216000
1123,1207000
1124,711000
1125,568000
1126,491000
1127,1308000
1128,1348000
1129,698000
1130,1481000
1131,1137000
1132,680000
1133,1926000
1134,1707000
1135,980000
1136,1006000
1137,579000
1138,4042000
1139,640000
1140,2074000
1141,721000
1142,5754000
1143,792000
1144,2126000
1145,2238000
1146,2958000
1147,1006000
1148,454000
1149,154000
1150,1292000
1151,1079000
1152,1676000
1153,582000
1154,745000
1155,528000
1156,662000
1157,808000
1158,2646000
1159,2791000
1160,1884000
1161,5095000
1162,873000
1163,138000
1164,3942000
1165,514000
1166,452000
1167,2140000
1168,1616000
1169,1657000
1170,852000
1171,1252000
1172,1503000
1173,961000
1174,1105000
1175,632000
1176,918000
1177,2008000
1178,925000
1179,1545000
1180,2509000
1181,1126000
1182,4659000
1183,5323000
1184,1536000
1185,1716000
1186,1170000
1187,1912000
1188,580000
1189,828000
1190,821000
1191,332000
1192,5690000
1193,2018000
1194,518000
1195,980000
1196,598000
1197,3062000
1198,552000
1199,1200000
1200,1479000
1201,940000
1202,8896000
1203,912000
1204,382000
1205,2236000
1206,2946000
1207,3898000
1208,2478000
1209,1165000
1210,6756000
1211,814000
1212,912000
1213,1952000
1214,314000
1215,676000
1216,1653000
1217,1616000
1218,1046000
1219,885000
1220,1926000
1221,1246000
1222,1273000
1223,1049000
1224,670000
1225,2564000
1226,927000
1227,268000
1228,117000
1229,703000
1230,7522000
1231,1496000
1232,756000
1233,1519000
1234,1806000
1235,954000
1236,2322000
1237,1302000
1238,225000
1239,922000
1240,1129000
1241,4168000
1242,676000
1243,1670000
1244,313000
1245,506000
1246,2274000
1247,1140000
1248,1369000
1249,2072000
1250,1032000
1251,903000
1252,1268000
1253,674000
1254,1175000
1255,1635000
1256,963000
1257,2244000
1258,1240000
1259,1310000
1260,932000
1261,676000
1262,1650000
1263,970000
1264,692000
1265,1644000
1266,985000
1267,1402000
1268,460000
1269,2450000
1270,2706000
1271,1146000
1272,931000
1273,1710000
1274,2644000
1275,1635000
1276,618000
1277,636000
1278,8384000
1279,2747000
1280,1302000
1281,1186000
1282,444000
1283,1150000
1284,2850000
1285,3394000
1286,450000
1287,2272000
1288,1002000
1289,560000
1290,1106000
1291,1590000
1292,134000
1293,420000
1294,142000
1295,1674000
1296,1891000
1297,6112000
1298,1102000
1299,804000
1300,3058000
1301,1405000
1302,888000
1303,7018000
1304,1164000
1305,1624000
1306,414000
1307,596000
1308,3959000
1309,684000
1310,361000
1311,2048000
1312,1721000
1313,554000
1314,536000
1315,601000
1316,654000
1317,570000
1318,3394000
1319,729000
1320,1692000
1321,1397000
1322,566000
1323,1721000
1324,2142000
1325,1229000
1326,1008000
1327,1493000
1328,2096000
1329,1018000
1330,690000
1331,918000
1332,2516000
1333,998000
1334,922000
1335,1180000
1336,842000
1337,1374000
1338,225000
1339,6586000
1340,6030000
1341,1582000
1342,1643000
1343,742000
1344,391000
1345,2564000
1346,796000
1347,890000
1348,4346000
1349,847000
1350,923000
1351,599000
1352,1623000
1353,1986000
1354,730000
1355,7138000
1356,971000
1357,6164000
1358,1962000
1359,702000
1360,452000
1361,454000
1362,1638000
1363,1284000
1364,588000
1365,456000
1366,6068000
1367,596000
1368,1630000
1369,650000
1370,1164000
1371,559000
1372,1214000
1373,669000
1374,936000
1375,1928000
1376,1255000
1377,1207000
1378,2022000
1379,1080000
1380,672000
1381,212000
1382,898000
1383,1004000
1384,1649000
1385,1502000
1386,5190000
1387,2188000
1388,665000
1389,698000
1390,1226000
1391,896000
1392,829000
1393,1714000
1394,2891000
1395,893000
1396,1574000
1397,545000
1398,941000
1399,1019000
1400,2695000
1401,2653000
1402,280000
1403,1042000
1404,586000
1405,1692000
1406,1816000
1407,1150000
1408,2576000
1409,1502000
1410,3822000
1411,1521000
1412,748000
1413,6734000
1414,1857000
1415,1386000
1416,1288000
1417,2426000
1418,656000
1419,758000
1420,1212000
1421,1824000
1422,772000
1423,3012000
1424,628000
1425,2186000
1426,1792000
1427,3341000
1428,811000
1429,1122000
1430,923000
1431,1370000
1432,902000
1433,459000
1434,692000
1435,1184000
1436,1396000
1437,1250000
1438,960000
1439,1143000
1440,316000
1441,1332000
1442,718000
1443,4634000
1444,1020000
1445,1582000
1446,1108000
1447,1146000
1448,5930000
1449,422000
1450,117000
1451,274000
1452,1292000
1453,676000
1454,761000
1455,790000
1456,3316000
1457,669000
1458,750000
1459,659000
1460,856000
1461,1599000
1462,1371000
1463,814000
1464,334000
1465,350000
1466,1174000
1467,1332000
1468,1724000
1469,1540000
1470,858000
1471,1816000
1472,1410000
1473,1054000
1474,2277000
1475,996000
1476,6474000
1477,310000
1478,5200000
1479,1512000
1480,938000
1481,202000
1482,1446000
1483,1124000
1484,2187000
1485,725000
1486,853000
1487,3780000
1488,1064000
1489,1457000
1490,297000
1491,918000
1492,1204000
1493,2326000
1494,630000
1495,826000
1496,1289000
1497,2436000
1498,900000
1499,1714000
1500,1086000
1501,640000
1502,2352000
1503,662000
1504,606000
1505,539000
1506,1242000
1507,2223000
1508,687000
1509,1114000
1510,842000
1511,1084000
1512,912000
1513,2464000
1514,703000
1515,682000
1516,1106000
1517,1262000
1518,639000
1519,1242000
1520,870000
1521,1358000
1522,1422000
1523,712000
1524,4528000
1525,259000
1526,4582000
1527,682000
1528,3184000
1529,1294000
1530,1118000
1531,1333000
1532,238000
1533,251000
1534,1241000
1535,1280000
1536,1452000
1537,1732000
1538,1266000
1539,1473000
1540,2355000
1541,668000
1542,1028000
1543,730000
1544,1119000
1545,2607000
1546,3852000
1547,1300000
1548,1773000
1549,1284000
1550,1897000
1551,1141000
1552,415000
1553,580000
1554,1762000
1555,790000
1556,1060000
1557,851000
1558,1026000
1559,1298000
1560,1371000
1561,1176000
1562,861000
1563,1659000
1564,674000
1565,981000
1566,1970000
1567,539000
1568,684000
1569,1193000
1570,966000
1571,1217000
1572,2516000
1573,2189000
1574,2338000
1575,8416000
1576,958000
1577,592000
1578,1125000
1579,672000
1580,1840000
1581,1637000
1582,1164000
1583,3098000
1584,13042000
1585,694000
1586,887000
1587,3428000
1588,1630000
1589,4788000
1590,639000
1591,3400000
1592,1556000
1593,2501000
1594,716000
1595,3282000
1596,527000
1597,1788000
1598,679000
1599,212000
1600,701000
1601,1124000
1602,789000
1603,1021000
1604,3332000
1605,1764000
1606,3118000
1607,1642000
1608,1974000
1609,3436000
1610,739000
1611,1226000
1612,1366000
1613,2168000
1614,1415000
1615,1696000
1616,7860000
1617,858000
1618,2908000
1619,695000
1620,1643000
1621,1298000
1622,2235000
1623,1350000
1624,1942000
1625,2560000
1626,1031000
1627,540000
1628,1850000
1629,1296000
1630,1232000
1631,863000
1632,742000
1633,416000
1634,1441000
1635,1908000
1636,1674000
1637,974000
1638,517000
1639,1566000
1640,263000
1641,626000
1642,1286000
1643,3159000
1644,1750000
1645,2270000
1646,2178000
1647,2660000
1648,1068000
1649,1000000
1650,1405000
1651,1758000
1652,2021000
1653,1392000
1654,3683000
1655,225000
1656,1668000
1657,1803000
1658,2426000
1659,2102000
1660,1096000
1661,901000
1662,770000
1663,1192000
1664,1251000
1665,1295000
1666,1636000
1667,559000
1668,852000
1669,1574000
1670,1090000
1671,3306000
1672,3070000
1673,1384000
1674,2761000
1675,1334000
1676,3376000
1677,1350000
1678,6166000
1679,218000
1680,5750000
1681,1571000
1682,1936000
1683,667000
1684,6280000
1685,1672000
1686,614000
1687,548000
1688,1344000
1689,485000
1690,474000
1691,1282000
1692,1490000
1693,827000
1694,286000
1695,928000
1696,5552000
1697,2738000
1698,452000
1699,628000
1700,1236000
1701,890000
1702,3322000
1703,1678000
1704,714000
1705,2428000
1706,2305000
1707,1400000
1708,2812000
1709,2382000
1710,864000
1711,1160000
1712,1262000
1713,1541000
1714,1090000
1715,2986000
1716,943000
1717,966000
1718,538000
1719,1518000
1720,1040000
1721,987000
1722,2488000
1723,1136000
1724,470000
1725,524000
1726,2752000
1727,2889000
1728,1634000
1729,647000
1730,981000
1731,949000
1732,714000
1733,1858000
1734,1426000
1735,2369000
1736,6586000
1737,825000
1738,1644000
1739,381000
1740,582000
1741,9136000
1742,562000
1743,2640000
1744,482000
1745,2174000
1746,1381000
1747,672000
1748,480000
1749,724000
1750,1278000
1751,1427000
1752,962000
1753,2920000
1754,599000
1755,3680000
1756,1220000
1757,1090000
1758,2202000
1759,1172000
1760,4404000
1761,1486000
1762,2859000
1763,1396000
1764,3973000
1765,1139000
1766,888000
1767,1551000
1768,1342000
1769,1692000
1770,840000
1771,842000
1772,1622000
1773,1501000
1774,1502000
1775,1172000
1776,1140000
1777,701000
1778,348000
1779,580000
1780,1480000
1781,1288000
1782,806000
1783,800000
1784,1128000
1785,748000
1786,2008000
1787,900000
1788,1737000
1789,1680000
1790,2727000
1791,2720000
1792,1241000
1793,2774000
1794,1724000
1795,1013000
1796,420000
1797,6324000
1798,577000
1799,3538000
1800,684000
1801,2120000
1802,610000
1803,564000
1804,1122000
1805,7756000
1806,623000
1807,312000
1808,1675000
1809,2008000
1810,1655000
1811,2842000
1812,636000
1813,680000
1814,959000
1815,1306000
1816,2818000
1817,5362000
1818,1390000
1819,1255000
1820,1246000
1821,837000
1822,1902000
1823,1132000
1824,1027000
1825,3736000
1826,959000
1827,6098000
1828,1820000
1829,840000
1830,656000
1831,6369000
1832,1816000
1833,7754000
1834,2544000
1835,3508000
1836,506000
1837,1875000
1838,1507000
1839,720000
1840,256000
1841,1286000
1842,2878000
1843,1068000
1844,1702000
1845,912000
1846,1068000
1847,1063000
1848,700000
1849,1117000
1850,2554000
1851,3435000
1852,794000
1853,2124000
1854,3286000
1855,1842000
1856,230000
1857,4374000
1858,824000
1859,1692000
1860,4614000
1861,152000
1862,988000
1863,1383000
1864,473000
1865,565000
1866,1210000
1867,2216000
1868,1293000
1869,742000
1870,822000
1871,1565000
1872,373000
1873,560000
1874,5530000
1875,1992000
1876,6839000
1877,1085000
1878,680000
1879,1420000
1880,590000
1881,660000
1882,852000
1883,506000
1884,1042000
1885,2554000
1886,744000
1887,1217000
1888,2324000
1889,629000
1890,2266000
1891,3550000
1892,609000
1893,238000
1894,457000
1895,1526000
1896,4092000
1897,410000
1898,481000
1899,803000
1900,141000
1901,976000
1902,2457000
1903,400000
1904,629000
1905,1694000
1906,494000
1907,666000
1908,1111000
1909,1076000
1910,975000
1911,2002000
1912,424000
1913,1124000
1914,1854000
1915,4977000
1916,1525000
1917,259000
1918,2190000
1919,6834000
1920,882000
1921,7618000
1922,500000
1923,1376000
1924,1862000
1925,1327000
1926,1046000
1927,3953000
1928,1826000
1929,6516000
1930,1052000
1931,688000
1932,956000
1933,1402000
1934,562000
1935,734000
1936,2235000
1937,4824000
1938,122000
1939,1060000
1940,2584000
1941,1242000
1942,5299000
1943,1313000
1944,1584000
1945,2965000
1946,1112000
1947,1022000
1948,711000
1949,924000
1950,961000
1951,1540000
1952,1132000
1953,772000
1954,1424000
1955,614000
1956,1929000
1957,580000
1958,1060000
1959,1750000
1960,1317000
1961,246000
1962,280000
1963,2422000
1964,461000
1965,3146000
1966,999000
1967,2666000
1968,1540000
1969,2252000
1970,503000
1971,568000
1972,1588000
1973,6079000
1974,1036000
1975,4093000
1976,1116000
1977,2726000
1978,2452000
1979,712000
1980,863000
1981,894000
1982,1052000
1983,7262000
1984,210000
1985,374000
1986,1104000
1987,898000
1988,1854000
1989,448000
1990,6066000
1991,2260000
1992,270000
1993,1487000
1994,754000
1995,3588000
1996,1008000
1997,1000000
1998,348000
1999,856000
2000,592000
2001,636000
2002,2212000
2003,2528000
2004,649000
2005,2795000
2006,2302000
2007,480000
2008,1012000
2009,3741000
2010,1002000
2011,1514000
2012,2912000
2013,166000
2014,1231000
2015,1328000
2016,5922000
2017,622000
2018,1274000
2019,1990000
2020,1002000
2021,2646000
2022,800000
2023,956000
2024,1203000
2025,1662000
2026,1068000
2027,663000
2028,624000
2029,1044000
2030,648000
2031,959000
2032,2138000
2033,1055000
2034,3164000
2035,5317000
2036,428000
2037,1034000
2038,426000
2039,2544000
2040,442000
2041,1001000
2042,2055000
2043,3696000
2044,1694000
2045,477000
2046,717000
2047,675000
2048,1046000
2049,1004000
2050,1138000
2051,910000
2052,1445000
2053,2578000
2054,1716000
2055,520000
2056,1526000
2057,725000
2058,1480000
2059,532000
2060,4694000
2061,1054000
2062,2827000
2063,403000
2064,2264000
2065,954000
2066,1136000
2067,1831000
2068,912000
2069,900000
2070,2504000
2071,2729000
2072,870000
2073,1016000
2074,4373000
2075,5882000
2076,1772000
2077,630000
2078,325000
2079,860000
2080,1278000
2081,932000
2082,1126000
2083,5518000
2084,836000
2085,7566000
2086,2760000
2087,3059000
2088,1334000
2089,2515000
2090,444000
2091,914000
2092,2860000
2093,1821000
2094,544000
2095,3128000
2096,989000
2097,624000
2098,1003000
2099,5168000
2100,1511000
2101,613000
2102,1146000
2103,2066000
2104,2045000
2105,2313000
2106,620000
2107,976000
2108,2932000
2109,666000
2110,1268000
2111,1550000
2112,926000
2113,1172000
2114,750000
2115,414000
2116,450000
2117,753000
2118,472000
2119,1437000
2120,1014000
2121,1644000
2122,1160000
2123,1236000
2124,2451000
2125,2000000
2126,1798000
2127,1098000
2128,2404000
2129,664000
2130,463000
2131,968000
2132,862000
2133,2287000
2134,1502000
2135,501000
2136,4770000
2137,1030000
2138,1756000
2139,1056000
2140,1162000
2141,396000
2142,988000
2143,1626000
2144,693000
2145,1430000
2146,1140000
2147,4234000
2148,994000
2149,3044000
2150,1119000
2151,2242000
2152,646000
2153,2146000
2154,626000
2155,2936000
2156,1624000
2157,1330000
2158,1076000
2159,2260000
2160,2701000
2161,2814000
2162,1250000
2163,3369000
2164,1392000
2165,2967000
2166,536000
2167,2490000
2168,1650000
2169,625000
2170,768000
2171,407000
2172,912000
2173,3167000
2174,600000
2175,1490000
2176,652000
2177,867000
2178,2309000
2179,1800000
2180,571000
2181,952000
2182,3426000
2183,1384000
2184,3208000
2185,959000
2186,1830000
2187,1372000
2188,1382000
2189,3781000
2190,3114000
2191,698000
2192,2020000
2193,2116000
2194,978000
2195,1572000
2196,1841000
2197,2133000
2198,830000
2199,384000
2200,1622000
2201,2826000
2202,980000
2203,506000
2204,3155000
2205,782000
2206,3442000
2207,1425000
2208,2020000
2209,2508000
2210,654000
2211,2208000
2212,684000
2213,890000
2214,1096000
2215,642000
2216,1278000
2217,354000
2218,2568000
2219,2268000
2220,764000
2221,3178000
2222,2756000
2223,1012000
2224,782000
2225,1439000
2226,697000
2227,1014000
2228,1341000
2229,821000
2230,2144000
2231,843000
2232,370000
2233,1064000
2234,674000
2235,608000
2236,1020000
2237,799000
2238,2637000
2239,516000
2240,1799000
2241,1648000
2242,1296000
2243,1456000
2244,720000
2245,1374000
2246,2536000
2247,2787000
2248,607000
2249,459000
2250,1322000
2251,9287000
2252,432000
2253,825000
2254,914000
2255,400000
2256,1668000
2257,1328000
2258,2861000
2259,3900000
2260,1840000
2261,1199000
2262,746000
2263,1642000
2264,1142000
2265,434000
2266,619000
2267,2200000
2268,1318000
2269,1990000
2270,1982000
2271,798000
2272,831000
2273,1030000
2274,5426000
2275,1545000
2276,3489000
2277,1433000
2278,3513000
2279,572000
2280,872000
2281,1588000
2282,1016000
2283,1083000
2284,2289000
2285,729000
2286,968000
2287,229000
2288,1557000
2289,2738000
2290,1562000
2291,2775000
2292,1682000
2293,818000
2294,628000
2295,550000
2296,2544000
2297,1053000
2298,1112000
2299,140000
2300,602000
2301,553000
2302,2628000
2303,1092000
2304,8361000
2305,1602000
2306,478000
2307,1030000
2308,3042000
2309,1413000
2310,770000
2311,979000
2312,872000
2313,900000
2314,6734000
2315,888000
2316,360000
2317,890000
2318,658000
2319,1874000
2320,9683000
2321,218000
2322,1310000
2323,1130000
2324,1958000
2325,1775000
2326,7084000
2327,1792000
2328,886000
2329,702000
2330,602000
2331,854000
2332,1947000
2333,967000
2334,3818000
2335,1347000
2336,768000
2337,1768000
2338,964000
2339,1652000
2340,1558000
2341,1519000
2342,1044000
2343,2920000
2344,2031000
2345,729000
2346,579000
2347,940000
2348,418000
2349,1254000
2350,666000
2351,874000
2352,1925000
2353,2178000
2354,434000
2355,1465000
2356,1336000
2357,1658000
2358,1318000
2359,1089000
2360,1529000
2361,1206000
2362,1106000
2363,1034000
2364,1157000
2365,1057000
2366,1811000
2367,614000
2368,2487000
2369,6066000
2370,173000
2371,1892000
2372,1026000
2373,1922000
2374,1513000
2375,738000
2376,3696000
2377,631000
2378,1872000
2379,4262000
2380,1206000
2381,2149000
2382,771000
2383,926000
2384,444000
2385,313000
2386,938000
2387,3213000
2388,686000
2389,2329000
2390,2590000
2391,644000
2392,966000
2393,637000
2394,854000
2395,774000
2396,2396000
2397,896000
2398,1233000
2399,2933000
2400,505000
2401,445000
2402,1257000
2403,956000
2404,1024000
2405,1390000
2406,1104000
2407,1968000
2408,918000
2409,480000
2410,1366000
2411,1266000
2412,881000
2413,2604000
2414,833000
2415,3139000
2416,745000
2417,5556000
2418,3250000
2419,735000
2420,452000
2421,953000
2422,2821000
2423,586000
2424,1012000
2425,1182000
2426,845000
2427,752000
2428,671000
2429,484000
2430,720000
2431,941000
2432,1188000
2433,461000
2434,2752000
2435,554000
2436,2172000
2437,1064000
2438,1286000
2439,864000
2440,1435000
2441,1054000
2442,268000
2443,994000
2444,460000
2445,890000
2446,3262000
2447,2894000
2448,592000
2449,924000
2450,920000
2451,569000
2452,1713000
2453,654000
2454,1234000
2455,922000
2456,1285000
2457,708000
2458,1432000
2459,668000
2460,892000
2461,4808000
2462,1313000
2463,847000
2464,941000
2465,7839000
2466,932000
2467,1934000
2468,1704000
2469,2128000
2470,2526000
2471,944000
2472,1610000
2473,1304000
2474,1293000
2475,984000
2476,672000
2477,564000
2478,457000
2479,6040000
2480,934000
2481,1656000
2482,2746000
2483,900000
2484,568000
2485,654000
2486,2368000
2487,982000
2488,2283000
2489,850000
2490,2008000
2491,1381000
2492,928000
2493,3146000
2494,808000
2495,1201000
2496,1176000
2497,2507000
2498,1850000
2499,2950000
2500,918000
2501,1081000
2502,1008000
2503,2828000
2504,905000
2505,1186000
2506,1484000
2507,425000
2508,672000
2509,1250000
2510,6614000
2511,1777000
2512,1546000
2513,4402000
2514,768000
2515,1754000
2516,528000
2517,509000
2518,1146000
2519,1588000
2520,5549000
2521,468000
2522,864000
2523,1140000
2524,591000
2525,2047000
2526,357000
2527,1568000
2528,646000
2529,646000
2530,1276000
2531,846000
2532,925000
2533,522000
2534,1195000
2535,626000
2536,1500000
2537,1672000
2538,506000
2539,1173000
2540,3237000
2541,460000
2542,4145000
2543,1152000
2544,3212000
2545,4395000
2546,1077000
2547,870000
2548,3970000
2549,1152000
2550,523000
2551,1159000
2552,497000
2553,998000
2554,867000
2555,1389000
2556,1084000
2557,710000
2558,1362000
2559,499000
2560,430000
2561,4607000
2562,3143000
2563,2916000
2564,8705000
2565,926000
2566,1908000
2567,916000
2568,357000
2569,732000
2570,2046000
2571,867000
2572,1122000
2573,906000
2574,1176000
2575,2564000
2576,374000
2577,1860000
2578,699000
2579,1300000
2580,583000
2581,1653000
2582,1286000
2583,1135000
2584,1880000
2585,486000
2586,1300000
2587,884000
2588,1310000
2589,3670000
2590,1062000
2591,2889000
2592,1036000
2593,883000
2594,627000
2595,1025000
2596,1130000
2597,872000
2598,624000
2599,910000
2600,1230000
2601,260000
2602,586000
2603,1750000
2604,2372000
2605,1558000
2606,1136000
2607,858000
2608,3415000
2609,1136000
2610,3864000
2611,968000
2612,1592000
2613,2523000
2614,2986000
2615,675000
2616,3052000
2617,1469000
2618,2050000
2619,1048000
2620,416000
2621,1555000
2622,3844000
2623,572000
2624,5438000
2625,1252000
2626,3554000
2627,786000
2628,3619000
2629,1400000
2630,2904000
2631,913000
2632,1796000
2633,359000
2634,3017000
2635,942000
2636,450000
2637,969000
2638,938000
2639,1752000
2640,1240000
2641,944000
2642,764000
2643,2320000
2644,662000
2645,691000
2646,2534000
2647,1415000
2648,3163000
2649,988000
2650,2220000
2651,6478000
2652,2276000
2653,484000
2654,863000
2655,984000
2656,2469000
2657,3561000
2658,802000
2659,1444000
2660,254000
2661,640000
2662,1213000
2663,608000
2664,1646000
2665,2404000
2666,1670000
2667,1434000
2668,3464000
2669,2034000
2670,772000
2671,296000
2672,509000
2673,1178000
2674,1056000
2675,546000
2676,642000
2677,2854000
2678,709000
2679,720000
2680,1145000
2681,2608000
2682,833000
2683,1321000
2684,1284000
2685,202000
2686,2484000
2687,1960000
2688,560000
2689,508000
2690,1164000
2691,598000
2692,372000
2693,1272000
2694,1146000
2695,1132000
2696,711000
2697,3714000
2698,3256000
2699,3137000
2700,3540000
2701,3329000
2702,6064000
2703,2216000
2704,974000
2705,1126000
2706,888000
2707,1618000
2708,1533000
2709,401000
2710,570000
2711,868000
2712,5712000
2713,6752000
2714,456000
2715,674000
2716,862000
2717,2516000
2718,1095000
2719,962000
2720,2045000
2721,571000
2722,1379000
2723,1392000
2724,789000
2725,1678000
2726,7272000
2727,2763000
2728,1239000
2729,1015000
2730,1508000
2731,1186000
2732,632000
2733,3098000
2734,2824000
2735,1526000
2736,1658000
2737,1662000
2738,2636000
2739,1492000
2740,1089000
2741,2598000
2742,794000
2743,1475000
2744,1122000
2745,1206000
2746,1166000
2747,1400000
2748,436000
2749,1058000
2750,1052000
2751,679000
2752,2890000
2753,1712000
2754,5798000
2755,1112000
2756,2564000
2757,1434000
2758,404000
2759,1064000
2760,3088000
2761,2720000
2762,3362000
2763,2976000
2764,1000000
2765,3028000
2766,836000
2767,2566000
2768,3537000
2769,588000
2770,1922000
2771,474000
2772,910000
2773,1570000
2774,848000
2775,1552000
2776,1772000
2777,952000
2778,487000
2779,1558000
2780,1012000
2781,5872000
2782,5902000
2783,6207000
2784,1978000
2785,1531000
2786,1883000
2787,271000
2788,869000
2789,1278000
2790,2588000
2791,802000
2792,312000
2793,964000
2794,690000
2795,2591000
2796,1570000
2797,936000
2798,919000
2799,978000
2800,144000
2801,1552000
2802,510000
2803,3132000
2804,2595000
2805,1927000
2806,3880000
2807,106000
2808,1188000
2809,8200000
2810,1530000
2811,850000
2812,3179000
2813,697000
2814,1039000
2815,1150000
2816,4371000
2817,244000
2818,698000
2819,2034000
2820,460000
2821,1148000
2822,1096000
2823,1140000
2824,649000
2825,1688000
2826,3599000
2827,1537000
2828,595000
2829,1294000
2830,1696000
2831,786000
2832,1381000
2833,1446000
2834,2657000
2835,646000
2836,2985000
2837,192000
2838,2294000
2839,906000
2840,334000
2841,704000
2842,2040000
2843,1523000
2844,1371000
2845,3296000
2846,1650000
2847,890000
2848,1131000
2849,1072000
2850,5898000
2851,1370000
2852,2441000
2853,666000
2854,3350000
2855,1578000
2856,703000
2857,6168000
2858,2726000
2859,956000
2860,949000
2861,3266000
2862,2837000
2863,1766000
2864,3413000
2865,271000
2866,2314000
2867,932000
2868,2190000
2869,1038000
2870,1592000
2871,1008000
2872,1428000
2873,878000
2874,663000
2875,3184000
2876,2053000
2877,898000
2878,5040000
2879,568000
2880,1397000
2881,2280000
2882,487000
2883,1164000
2884,1470000
2885,798000
2886,1658000
2887,530000
2888,756000
2889,521000
2890,5512000
2891,919000
2892,2133000
2893,1476000
2894,1031000
2895,928000
2896,1238000
2897,1444000
2898,1025000
2899,4576000
2900,772000
2901,1712000
2902,734000
2903,1142000
2904,480000
2905,2598000
2906,864000
2907,650000
2908,652000
2909,2220000
2910,1978000
2911,571000
2912,3329000
2913,1626000
2914,910000
2915,894000
2916,647000
2917,1182000
2918,1730000
2919,1027000
2920,822000
2921,1142000
2922,1360000
2923,912000
2924,1048000
2925,1680000
2926,414000
2927,906000
2928,987000
2929,1364000
2930,2858000
2931,2588000
2932,1657000
2933,1462000
2934,1248000
2935,1081000
2936,866000
2937,568000
2938,3275000
2939,828000
2940,1165000
2941,3366000
2942,1385000
2943,1721000
2944,712000
2945,642000
2946,604000
2947,3164000
2948,583000
2949,922000
2950,1000000
2951,938000
2952,599000
2953,2050000
2954,1214000
2955,659000
2956,1590000
2957,312000
2958,1021000
2959,1843000
2960,742000
2961,5570000
2962,861000
2963,1382000
2964,2530000
2965,4180000
2966,1214000
2967,884000
2968,652000
2969,1327000
2970,222000
2971,963000
2972,897000
2973,488000
2974,992000
2975,2242000
2976,1056000
2977,567000
2978,1525000
2979,1798000
2980,6942000
2981,2552000
2982,824000
2983,1196000
2984,1844000
2985,2912000
2986,1288000
2987,1171000
2988,2030000
2989,1744000
2990,2466000
2991,1712000
2992,1279000
2993,2530000
2994,2406000
2995,916000
2996,3926000
2997,1742000
2998,508000
2999,1990000
3000,4230000
3001,2213000
3002,1376000
3003,1380000
3004,1430000
3005,3737000
3006,708000
3007,606000
3008,984000
3009,977000
3010,948000
3011,6142000
3012,1308000
3013,879000
3014,1064000
3015,1427000
3016,1588000
3017,704000
3018,1277000
3019,498000
3020,497000
3021,2898000
3022,1604000
3023,1280000
3024,5652000
3025,1090000
3026,2028000
3027,1320000
3028,1201000
3029,2688000
3030,1388000
3031,1727000
3032,642000
3033,2267000
3034,120000
3035,1522000
3036,3106000
3037,1919000
3038,534000
3039,700000
3040,691000
3041,5772000
3042,1408000
3043,941000
3044,426000
3045,930000
3046,660000
3047,876000
3048,624000
3049,3048000
3050,4325000
3051,657000
3052,666000
3053,1822000
3054,1004000
3055,755000
3056,1250000
3057,1294000
3058,1156000
3059,4018000
3060,1225000
3061,2220000
3062,518000
3063,900000
3064,6152000
3065,938000
3066,592000
3067,1788000
3068,1587000
3069,1560000
3070,1750000
3071,1316000
3072,266000
3073,920000
3074,752000
3075,1436000
3076,1977000
3077,682000
3078,1912000
3079,966000
3080,794000
3081,340000
3082,758000
3083,560000
3084,1494000
3085,735000
3086,1518000
3087,1074000
3088,1986000
3089,1610000
3090,558000
3091,1112000
3092,861000
3093,6551000
3094,547000
3095,2656000
3096,2198000
3097,450000
3098,1028000
3099,1712000
3100,1484000
3101,5772000
3102,1039000
3103,371000
3104,1059000
3105,2937000
3106,694000
3107,1426000
3108,2816000
3109,1122000
3110,1715000
3111,3354000
3112,1020000
3113,636000
3114,760000
3115,354000
3116,402000
3117,646000
3118,1718000
3119,914000
3120,2159000
3121,394000
3122,1098000
3123,6194000
3124,492000
3125,3464000
3126,2044000
3127,822000
3128,1350000
3129,1742000
3130,992000
3131,1240000
3132,3054000
3133,742000
3134,2431000
3135,1236000
3136,1618000
3137,778000
3138,1005000
3139,3795000
3140,1422000
3141,866000
3142,598000
3143,724000
3144,547000
3145,3877000
3146,2842000
3147,3281000
3148,1806000
3149,2868000
3150,6204000
3151,1129000
3152,1084000
3153,634000
3154,936000
3155,959000
3156,1614000
3157,728000
3158,5812000
3159,818000
3160,1348000
3161,1222000
3162,1609000
3163,1364000
3164,630000
3165,1236000
3166,744000
3167,298000
3168,1510000
3169,1197000
3170,2438000
3171,330000
3172,3226000
3173,1669000
3174,980000
3175,1158000
3176,1059000
3177,2510000
3178,1564000
3179,875000
3180,680000
3181,2782000
3182,1297000
3183,5433000
3184,1794000
3185,1137000
3186,1852000
3187,801000
3188,2600000
3189,534000
3190,538000
3191,1797000
3192,2332000
3193,933000
3194,504000
3195,3950000
3196,508000
3197,2819000
3198,877000
3199,514000
3200,1210000
3201,1080000
3202,492000
3203,2832000
3204,1472000
3205,1377000
3206,1161000
3207,8226000
3208,1312000
3209,1360000
3210,1224000
3211,910000
3212,644000
3213,3914000
3214,4151000
3215,1436000
3216,3678000
3217,634000
3218,834000
3219,1018000
3220,1596000
3221,726000
3222,2004000
3223,460000
3224,3753000
3225,1042000
3226,1042000
3227,1218000
3228,905000
3229,676000
3230,1990000
3231,2100000
3232,1598000
3233,3370000
3234,416000
3235,582000
3236,1250000
3237,5332000
3238,250000
3239,1814000
3240,4395000
3241,912000
3242,1467000
3243,913000
3244,820000
3245,1530000
3246,542000
3247,1456000
3248,1657000
3249,2113000
3250,1137000
3251,1287000
3252,2138000
3253,1754000
3254,1832000
3255,906000
3256,1223000
3257,576000
3258,961000
3259,4274000
3260,2650000
3261,1978000
3262,1632000
3263,1176000
3264,2598000
3265,1178000
3266,774000
3267,622000
3268,1316000
3269,1122000
3270,1530000
3271,694000
3272,955000
3273,360000
3274,495000
3275,2560000
3276,1590000
3277,3744000
3278,1214000
3279,1201000
3280,2244000
3281,3746000
3282,348000
3283,1676000
3284,506000
3285,897000
3286,1510000
3287,974000
3288,894000
3289,997000
3290,1444000
3291,652000
3292,1030000
3293,4800000
3294,542000
3295,1256000
3296,1170000
3297,1377000
3298,2362000
3299,1126000
3300,1123000
3301,972000
3302,548000
3303,170000
3304,290000
3305,770000
3306,1270000
3307,976000
3308,420000
3309,914000
3310,3500000
3311,543000
3312,844000
3313,1080000
3314,660000
3315,3338000
3316,2312000
3317,673000
3318,968000
3319,963000
3320,504000
3321,1223000
3322,2228000
3323,370000
3324,656000
3325,4528000
3326,446000
3327,2128000
3328,2648000
3329,1940000
3330,2334000
3331,1628000
3332,814000
3333,856000
3334,3244000
3335,1053000
3336,1198000
3337,1312000
3338,2504000
3339,872000
3340,6672000
3341,1180000
3342,5359000
3343,2738000
3344,2837000
3345,2268000
3346,800000
3347,641000
3348,432000
3349,1112000
3350,2484000
3351,878000
3352,1448000
3353,491000
3354,208000
3355,1327000
3356,1002000
3357,836000
3358,4142000
3359,2829000
3360,918000
3361,458000
3362,244000
3363,2700000
3364,1238000
3365,1918000
3366,568000
3367,714000
3368,1238000
3369,944000
3370,1306000
3371,2295000
3372,977000
3373,1000000
3374,934000
3375,619000
3376,907000
3377,1432000
3378,184000
3379,648000
3380,3422000
3381,5966000
3382,328000
3383,742000
3384,678000
3385,2632000
3386,2075000
3387,1446000
3388,5768000
3389,1506000
3390,1222000
3391,1538000
3392,2823000
3393,2420000
3394,1432000
3395,2384000
3396,3188000
3397,1873000
3398,912000
3399,3182000
3400,2057000
3401,2212000
3402,470000
3403,1196000
3404,3096000
3405,5819000
3406,600000
3407,3178000
3408,898000
3409,1184000
3410,1157000
3411,115000
3412,1066000
3413,1050000
3414,1144000
3415,624000
3416,433000
3417,2956000
3418,2667000
3419,2318000
3420,2246000
3421,2546000
3422,3800000
3423,704000
3424,1158000
3425,4016000
3426,524000
3427,1120000
3428,1256000
3429,558000
3430,2622000
3431,496000
3432,906000
3433,946000
3434,624000
3435,528000
3436,1742000
3437,1476000
3438,1008000
3439,182000
3440,386000
3441,838000
3442,4170000
3443,554000
3444,936000
3445,898000
3446,2916000
3447,2203000
3448,850000
3449,1110000
3450,1042000
3451,427000
3452,998000
3453,3532000
3454,1043000
3455,578000
3456,773000
3457,1210000
3458,541000
3459,980000
3460,1330000
3461,665000
3462,558000
3463,542000
3464,2336000
3465,1354000
3466,1310000
3467,734000
3468,2986000
3469,740000
3470,1350000
3471,4816000
3472,666000
3473,2453000
3474,976000
3475,796000
3476,2708000
3477,1171000
3478,1266000
3479,531000
3480,1810000
3481,426000
3482,1204000
3483,955000
3484,1970000
3485,1232000
3486,522000
3487,5770000
3488,869000
3489,2569000
3490,2670000
3491,1262000
3492,1659000
3493,2622000
3494,1532000
3495,1037000
3496,1276000
3497,1004000
3498,607000
3499,422000
3500,660000
3501,3292000
3502,439000
3503,872000
3504,890000
3505,1056000
3506,540000
3507,1649000
3508,834000
3509,572000
3510,1198000
3511,660000
3512,910000
3513,528000
3514,408000
3515,854000
3516,1470000
3517,987000
3518,646000
3519,692000
3520,655000
3521,722000
3522,425000
3523,762000
3524,3348000
3525,1208000
3526,1142000
3527,885000
3528,778000
3529,528000
3530,2586000
3531,2522000
3532,868000
3533,3015000
3534,3112000
3535,2524000
3536,6146000
3537,1074000
3538,1868000
3539,1678000
3540,375000
3541,4112000
3542,321000
3543,480000
3544,2102000
3545,161000
3546,808000
3547,2453000
3548,1630000
3549,1426000
3550,1024000
3551,385000
3552,970000
3553,1258000
3554,3394000
3555,762000
3556,1387000
3557,2996000
3558,1094000
3559,1436000
3560,798000
3561,1336000
3562,1319000
3563,566000
3564,836000
3565,1032000
3566,923000
3567,3328000
3568,1432000
3569,1035000
3570,1300000
3571,985000
3572,2150000
3573,435000
3574,866000
3575,356000
3576,9582000
3577,1484000
3578,1796000
3579,1318000
3580,5470000
3581,500000
3582,1039000
3583,669000
3584,4192000
3585,342000
3586,1134000
3587,4080000
3588,806000
3589,1334000
3590,2196000
3591,732000
3592,688000
3593,1858000
3594,4366000
3595,6508000
3596,2038000
3597,2250000
3598,468000
3599,1967000
3600,598000
3601,1348000
3602,2300000
3603,2764000
3604,830000
3605,850000
3606,4074000
3607,922000
3608,1254000
3609,924000
3610,2040000
3611,1034000
3612,1133000
3613,1452000
3614,2056000
3615,2992000
3616,532000
3617,1660000
3618,1058000
3619,574000
3620,1244000
3621,977000
3622,1184000
3623,452000
3624,4894000
3625,866000
3626,6184000
3627,2936000
3628,1754000
3629,765000
3630,1339000
3631,3516000
3632,7912000
3633,1396000
3634,569000
3635,3421000
3636,2048000
3637,1246000
3638,4155000
3639,132000
3640,580000
3641,686000
3642,643000
3643,923000
3644,728000
3645,1048000
3646,1584000
3647,3575000
3648,424000
3649,770000
3650,3086000
3651,438000
3652,9339000
3653,500000
3654,679000
3655,1107000
3656,2973000
3657,902000
3658,806000
3659,990000
3660,10372000
3661,2309000
3662,1236000
3663,574000
3664,1168000
3665,2448000
3666,1812000
3667,762000
3668,3060000
3669,1377000
3670,650000
3671,1310000
3672,1186000
3673,1442000
3674,2290000
3675,1292000
3676,3500000
3677,3348000
3678,4084000
3679,2736000
3680,380000
3681,756000
3682,1114000
3683,526000
3684,598000
3685,2501000
3686,1220000
3687,656000
3688,2869000
3689,1577000
3690,1925000
3691,1262000
3692,1012000
3693,459000
3694,412000
3695,1184000
3696,873000
3697,1956000
3698,1768000
3699,2097000
3700,696000
3701,1613000
3702,1224000
3703,1343000
3704,2158000
3705,1976000
3706,792000
3707,646000
3708,683000
3709,1461000
3710,447000
3711,974000
3712,658000
3713,170000
3714,562000
3715,1902000
3716,666000
3717,1178000
3718,290000
3719,165000
3720,1091000
3721,2862000
3722,472000
3723,672000
3724,414000
3725,974000
3726,1358000
3727,1580000
3728,1888000
3729,596000
3730,3118000
3731,1112000
3732,9808000
3733,850000
3734,504000
3735,514000
3736,1146000
3737,6131000
3738,644000
3739,744000
3740,823000
3741,4351000
3742,456000
3743,763000
3744,1051000
3745,484000
3746,2774000
3747,850000
3748,1522000
3749,562000
3750,700000
3751,1150000
3752,1465000
3753,992000
3754,1246000
3755,747000
3756,867000
3757,8473000
3758,928000
3759,1041000
3760,1552000
3761,899000
3762,1720000
3763,1785000
3764,1188000
3765,1092000
3766,1452000
3767,484000
3768,1791000
3769,1500000
3770,2185000
3771,1139000
3772,1186000
3773,880000
3774,844000
3775,6054000
3776,1085000
3777,2876000
3778,1159000
3779,3471000
3780,2168000
3781,1257000
3782,1902000
3783,1679000
3784,1235000
3785,610000
3786,831000
3787,688000
3788,3032000
3789,167000
3790,496000
3791,1232000
3792,2716000
3793,838000
3794,3274000
3795,1269000
3796,4239000
3797,818000
3798,750000
3799,943000
3800,3220000
3801,360000
3802,830000
3803,965000
3804,6904000
3805,690000
3806,782000
3807,3018000
3808,550000
3809,1206000
3810,1156000
3811,768000
3812,738000
3813,3229000
3814,1938000
3815,1252000
3816,292000
3817,1978000
3818,1758000
3819,1820000
3820,1033000
3821,1232000
3822,421000
3823,956000
3824,1723000
3825,1570000
3826,4450000
3827,612000
3828,6153000
3829,2438000
3830,2082000
3831,1106000
3832,1108000
3833,2422000
3834,575000
3835,1090000
3836,1170000
